id,name,product_name,price,availability
BD/W95-100SP,SP  未知との遭遇 八潮瑠唯,ヴァイスシュヴァルツ 未知との遭遇 八潮瑠唯 SP サイン,"1,555",sold out
BD/W95-100SP,SP  未知との遭遇 八潮瑠唯,バンドリ！SP「“未知との遭遇”八潮瑠唯」(サイン入り)ヴァイス,"1,650",sold out
BD/W95-100SP,SP  未知との遭遇 八潮瑠唯,ヴァイスシュヴァルツ バンドリ5th 未知との遭遇 八潮瑠唯 SP サイン,"1,333",sold out
BD/W95-100SP,SP  未知との遭遇 八潮瑠唯,SP “未知との遭遇”八潮瑠唯,"1,000",sold out
BD/W95-100SP,SP  未知との遭遇 八潮瑠唯,【訳あり】未知との遭遇 八潮瑠唯 SP サイン,850,sold out
BD/W63-058SP,SPM  あたしはあたし 氷川日菜,ヴァイス 「重なる音楽 氷川日菜」SPb 「あたしはあたし 氷川日菜」SPMb,"2,111",sold out
BD/W95-045SP,SP  六花の全力 ロック,ヴァイスシュバルツ 六花の全力ロック SP,"1,111",sold out
BD/W95-045SP,SP  六花の全力 ロック,ヴァイスシュヴァルツ バンドリ 六花の全力 ロック SP サインカード,"1,666",sold out
BD/W95-045SP,SP  六花の全力 ロック,ヴァイスシュヴァルツ バンドリ 六花の全力  ロック SP サイン,"1,980",available
BD/W95-045SP,SP  六花の全力 ロック,ヴァイスシュヴァルツ 六花の全力 ロック SP,"1,555",sold out
BD/W95-045SP,SP  六花の全力 ロック,ヴァイス バンドリ 六花の全力 ロック sp,"1,666",sold out
BD/W54-056SP,SP  真っ白な居場所 白鷺千聖,ヴァイスシュヴァルツ 真っ白な居場所 白鷺千聖 SP,"1,000",sold out
BD/W54-056SP,SP  真っ白な居場所 白鷺千聖,ヴァイスシュヴァルツ バンドリ SPb サイン 真っ白な居場所 白鷺千聖,"1,444",sold out
BD/W54-056SP,SP  真っ白な居場所 白鷺千聖,ヴァイスシュヴァルツ バンドリ SP サイン 真っ白な居場所 白鷺千聖,999,sold out
BD/W54-056SP,SP  真っ白な居場所 白鷺千聖,ヴァイスシュヴァルツ バンドリ 真っ白な居場所  白鷺千聖 SP サイン,"1,020",sold out
BD/W54-056SP,SP  真っ白な居場所 白鷺千聖,真っ白な居場所 白鷺千聖 SPb,"1,888",available
BD/W54-056SP,SP  真っ白な居場所 白鷺千聖,『サイン付き』ヴァイスシュヴァルツ 真っ白な居場所 白鷺千聖 SP,"3,888",sold out
BD/W54-056SP,SP  真っ白な居場所 白鷺千聖,ヴァイスシュヴァルツ バンドリ 真っ白な居場所 白鷺千聖 SP,"1,222",sold out
